term,estimate,std.error,statistic,p.value,conf.low,conf.high
grpcombination,-0.6046133489394416,0.21830399139040715,-2.7695936528167846,0.005612626600715089,-1.0324813097459815,-0.17674538813290172
age,-0.03575346625810606,0.010687037696184497,-3.3454982825475406,8.213486786168271e-4,-0.056699675244049556,-0.01480725727216254
genderMale,-0.04312131361269932,0.23711076641160575,-0.18186147455592166,0.8556914391062252,-0.5078498761261359,0.4216072489007374
employmentother,0.7399061710045547,0.2413152284854092,3.0661395704220635,0.002168420685611503,0.26693701425209854,1.2128753277570108
raceother,-0.685186128925175,0.4563416392072735,-1.5014762407292814,0.133232427448241,-1.5795993064174023,0.2092270485670522
racewhite,-0.25824172513255217,0.23268212284449163,-1.1098477269142966,0.2670646489892104,-0.7142903057540801,0.19780685548897595
